{
    "0": {
        "precision": 0.9983903420523139,
        "recall": 0.9935923107729275,
        "f1-score": 0.9959855479727018,
        "support": 2497.0
    },
    "1": {
        "precision": 0.9702048417132216,
        "recall": 0.9923809523809524,
        "f1-score": 0.9811676082862524,
        "support": 525.0
    },
    "accuracy": 0.9933818663136995,
    "macro avg": {
        "precision": 0.9842975918827678,
        "recall": 0.99298663157694,
        "f1-score": 0.9885765781294771,
        "support": 3022.0
    },
    "weighted avg": {
        "precision": 0.9934937875592552,
        "recall": 0.9933818663136995,
        "f1-score": 0.9934112864454396,
        "support": 3022.0
    }
}