{
    "RF": {
        "accuracy": 0.9874255459960292,
        "precision": 0.9500924214417745,
        "recall": 0.979047619047619,
        "f1": 0.9643527204502814,
        "roc_auc": 0.9987299044567768,
        "cv_f1_mean": 0.9920009619540922,
        "cv_f1_std": 0.0038871590080163457
    },
    "XGB": {
        "accuracy": 0.9947054930509597,
        "precision": 0.9774859287054409,
        "recall": 0.9923809523809524,
        "f1": 0.9848771266540642,
        "roc_auc": 0.9995217117684078,
        "cv_f1_mean": 0.9950925238918108,
        "cv_f1_std": 0.002166185458642205
    },
    "LGBM": {
        "accuracy": 0.9950363997352747,
        "precision": 0.9775280898876404,
        "recall": 0.9942857142857143,
        "f1": 0.9858356940509915,
        "roc_auc": 0.9993531285161243,
        "cv_f1_mean": 0.9960448595659639,
        "cv_f1_std": 0.0020469445888292885
    },
    "CatBoost": {
        "accuracy": 0.9933818663136995,
        "precision": 0.9702048417132216,
        "recall": 0.9923809523809524,
        "f1": 0.9811676082862524,
        "roc_auc": 0.9991700516810649,
        "cv_f1_mean": 0.9946012221512577,
        "cv_f1_std": 0.0023920748837649216
    },
    "Ensemble": {
        "accuracy": 0.9943745863666446,
        "precision": 0.9756554307116105,
        "recall": 0.9923809523809524,
        "f1": 0.983947119924457,
        "roc_auc": 0.9993783015809447
    }
}