{
    "0": {
        "precision": 0.9983922829581994,
        "recall": 0.9947937525030036,
        "f1-score": 0.9965897693079238,
        "support": 2497.0
    },
    "1": {
        "precision": 0.9756554307116105,
        "recall": 0.9923809523809524,
        "f1-score": 0.983947119924457,
        "support": 525.0
    },
    "accuracy": 0.9943745863666446,
    "macro avg": {
        "precision": 0.987023856834905,
        "recall": 0.993587352441978,
        "f1-score": 0.9902684446161905,
        "support": 3022.0
    },
    "weighted avg": {
        "precision": 0.9944423003541427,
        "recall": 0.9943745863666446,
        "f1-score": 0.9943934122839926,
        "support": 3022.0
    }
}