{
    "0": {
        "precision": 0.9987942122186495,
        "recall": 0.9951942330796957,
        "f1-score": 0.9969909729187563,
        "support": 2497.0
    },
    "1": {
        "precision": 0.9775280898876404,
        "recall": 0.9942857142857143,
        "f1-score": 0.9858356940509915,
        "support": 525.0
    },
    "accuracy": 0.9950363997352747,
    "macro avg": {
        "precision": 0.988161151053145,
        "recall": 0.994739973682705,
        "f1-score": 0.9914133334848738,
        "support": 3022.0
    },
    "weighted avg": {
        "precision": 0.9950997336535338,
        "recall": 0.9950363997352747,
        "f1-score": 0.995053010838817,
        "support": 3022.0
    }
}