{
    "0": {
        "precision": 0.9955663039097138,
        "recall": 0.9891870244293152,
        "f1-score": 0.9923664122137404,
        "support": 2497.0
    },
    "1": {
        "precision": 0.9500924214417745,
        "recall": 0.979047619047619,
        "f1-score": 0.9643527204502814,
        "support": 525.0
    },
    "accuracy": 0.9874255459960292,
    "macro avg": {
        "precision": 0.9728293626757442,
        "recall": 0.9841173217384671,
        "f1-score": 0.9783595663320109,
        "support": 3022.0
    },
    "weighted avg": {
        "precision": 0.9876663077827553,
        "recall": 0.9874255459960292,
        "f1-score": 0.9874997053388841,
        "support": 3022.0
    }
}