{
    "training_date": "2025-08-25T11:38:45.876047",
    "dataset_info": {
        "train_samples": 12087,
        "test_samples": 3022,
        "features": 20,
        "train_class_dist": [
            9987,
            2100
        ],
        "test_class_dist": [
            2497,
            525
        ]
    },
    "detection_models": {
        "RF": {
            "accuracy": 0.9874255459960292,
            "precision": 0.9500924214417745,
            "recall": 0.979047619047619,
            "f1": 0.9643527204502814,
            "roc_auc": 0.9987299044567768,
            "cv_f1_mean": 0.9920009619540922,
            "cv_f1_std": 0.0038871590080163457
        },
        "XGB": {
            "accuracy": 0.9947054930509597,
            "precision": 0.9774859287054409,
            "recall": 0.9923809523809524,
            "f1": 0.9848771266540642,
            "roc_auc": 0.9995217117684078,
            "cv_f1_mean": 0.9950925238918108,
            "cv_f1_std": 0.002166185458642205
        },
        "LGBM": {
            "accuracy": 0.9950363997352747,
            "precision": 0.9775280898876404,
            "recall": 0.9942857142857143,
            "f1": 0.9858356940509915,
            "roc_auc": 0.9993531285161243,
            "cv_f1_mean": 0.9960448595659639,
            "cv_f1_std": 0.0020469445888292885
        },
        "CatBoost": {
            "accuracy": 0.9933818663136995,
            "precision": 0.9702048417132216,
            "recall": 0.9923809523809524,
            "f1": 0.9811676082862524,
            "roc_auc": 0.9991700516810649,
            "cv_f1_mean": 0.9946012221512577,
            "cv_f1_std": 0.0023920748837649216
        },
        "Ensemble": {
            "accuracy": 0.9943745863666446,
            "precision": 0.9756554307116105,
            "recall": 0.9923809523809524,
            "f1": 0.983947119924457,
            "roc_auc": 0.9993783015809447
        }
    },
    "trajectory_models": {
        "LSTM": {
            "mse": 0.007757571991533041,
            "mae": 0.0220686923712492,
            "r2": 0.9915106892585754,
            "rmse": 0.0880770798308677,
            "final_train_loss": 0.017391301022913978
        },
        "GRU": {
            "mse": 0.005029165185987949,
            "mae": 0.02377140149474144,
            "r2": 0.9944964647293091,
            "rmse": 0.07091660726506838,
            "final_train_loss": 0.011365850097573703
        }
    },
    "device_used": "cpu"
}