{
    "lstm_losses": [
        0.5940933612288621,
        0.21889063112792514,
        0.1419375971127203,
        0.10964788605148594,
        0.08809576334219879,
        0.07339358392908243,
        0.06465780595995033,
        0.057999348991658914,
        0.053499786576832686,
        0.0484057467390177,
        0.044872978122882726,
        0.041618657526289106,
        0.038556613801687796,
        0.036419966216531714,
        0.03445160726119799,
        0.03234391188262543,
        0.030575753462491015,
        0.028904123544673282,
        0.02752852094884489,
        0.028700471221267308,
        0.024726938208991356,
        0.024300634411037973,
        0.02292302796381856,
        0.021673730795521772,
        0.021008643564840817,
        0.01971154635209743,
        0.01929890397100256,
        0.018643819499716517,
        0.018397838224363687,
        0.017391301022913978
    ],
    "gru_losses": [
        0.4646155767970615,
        0.15751257508736913,
        0.10761509053211994,
        0.08344030799836945,
        0.06845825971116523,
        0.05920358497228119,
        0.051877352335766236,
        0.04775535920758057,
        0.04296838306414121,
        0.038491332384871034,
        0.03571607020964462,
        0.032976855573776574,
        0.031579013373062174,
        0.02945773742899604,
        0.027038590268973536,
        0.025601377533613235,
        0.025032155407301925,
        0.023669943255963662,
        0.021288314845016296,
        0.021543952632263035,
        0.019032440592396865,
        0.017421241714612942,
        0.01720237997009434,
        0.01579554901977572,
        0.015450882881100008,
        0.014424201315570692,
        0.014130971810556258,
        0.012735788915066108,
        0.012043259720528676,
        0.011365850097573703
    ],
    "epochs": [
        1,
        2,
        3,
        4,
        5,
        6,
        7,
        8,
        9,
        10,
        11,
        12,
        13,
        14,
        15,
        16,
        17,
        18,
        19,
        20,
        21,
        22,
        23,
        24,
        25,
        26,
        27,
        28,
        29,
        30
    ]
}