{
    "LSTM": {
        "mse": 0.007757571991533041,
        "mae": 0.0220686923712492,
        "r2": 0.9915106892585754,
        "rmse": 0.0880770798308677,
        "final_train_loss": 0.017391301022913978
    },
    "GRU": {
        "mse": 0.005029165185987949,
        "mae": 0.02377140149474144,
        "r2": 0.9944964647293091,
        "rmse": 0.07091660726506838,
        "final_train_loss": 0.011365850097573703
    }
}