{
    "0": {
        "precision": 0.9983929288871033,
        "recall": 0.9951942330796957,
        "f1-score": 0.9967910148415564,
        "support": 2497.0
    },
    "1": {
        "precision": 0.9774859287054409,
        "recall": 0.9923809523809524,
        "f1-score": 0.9848771266540642,
        "support": 525.0
    },
    "accuracy": 0.9947054930509597,
    "macro avg": {
        "precision": 0.9879394287962722,
        "recall": 0.993787592730324,
        "f1-score": 0.9908340707478103,
        "support": 3022.0
    },
    "weighted avg": {
        "precision": 0.9947608391798324,
        "recall": 0.9947054930509597,
        "f1-score": 0.9947212625919094,
        "support": 3022.0
    }
}